product_category,avg_amount,min_amount,max_amount
Single,280.9669189189189,50.79,498.23
Married,277.0240322580645,51.22,498.33
Divorced,276.544693877551,51.86,494.34
Widowed,269.0401904761905,50.78,497.8
